{"theta_0": 0.9392029392331415, "theta_1": -1.0032695872311461, "x_min": 22899, "x_max": 240000, "y_min": 3650, "y_max": 8290}