{"theta_0": 0.6668613623199974, "theta_1": -0.2844278306540049, "x_min": 22899, "x_max": 217101, "y_min": 3650, "y_max": 4640}