{"theta_0": 0.9392023619965658, "theta_1": -1.0032680592650363, "x_min": 22899, "x_max": 217101, "y_min": 3650, "y_max": 4640}