{"theta_0": 0.9393188348499553, "theta_1": -1.0035754927001217, "x_min": 22899, "x_max": 240000, "y_min": 3650, "y_max": 8290}