{"theta_0": 0.6655017534558102, "theta_1": -0.28084009178604386, "x_min": 22899, "x_max": 217101, "y_min": 3650, "y_max": 4640}