{"theta_0": 0.9392023604479587, "theta_1": -1.0032680598517376, "x_min": 22899, "x_max": 240000, "y_min": 3650, "y_max": 8290}