{"theta_0": 0.939205436143487, "theta_1": -1.0032761787114506, "x_min": 22899, "x_max": 217101, "y_min": 3650, "y_max": 4640}